"season","mnth","weekday","workingday","weathersit","temp","atemp","hum","windspeed","cnt"
4,10,0,0,1,0.421667,0.422333,0.74125,0.0995125,4381
4,11,3,1,1,0.325,0.311221,0.613333,0.271158,3613
1,2,4,1,2,0.399167,0.398971,0.672917,0.187187,3761
1,1,2,1,1,0.2,0.212122,0.590435,0.160296,1562
2,4,1,1,1,0.606667,0.5745,0.776667,0.185333,4073
1,12,0,0,1,0.255833,0.2317,0.483333,0.350754,1796
2,6,6,0,1,0.583333,0.566288,0.549167,0.186562,8120
2,4,4,1,1,0.4675,0.462742,0.540417,0.1107,3267
1,2,5,1,2,0.4075,0.410971,0.7375,0.237567,3487
3,8,1,1,1,0.636667,0.607958,0.554583,0.159825,4634
4,11,6,0,1,0.329167,0.324483,0.502083,0.224496,3663
3,8,6,0,1,0.6975,0.648996,0.674167,0.104467,5191
2,5,0,0,1,0.6675,0.61555,0.81875,0.213938,4788
1,1,5,1,1,0.274167,0.249362,0.5075,0.378108,3214
2,5,0,0,1,0.604167,0.5745,0.749583,0.148008,4660
4,10,6,0,2,0.53,0.515133,0.72,0.235692,7852
2,6,0,0,1,0.5925,0.571975,0.59875,0.144904,6978
1,1,1,1,1,0.196364,0.189405,0.437273,0.248309,1349
4,12,4,1,1,0.265833,0.256938,0.58,0.240058,3322
2,4,2,1,1,0.466667,0.461483,0.396667,0.100133,6772
2,3,3,1,1,0.484167,0.47095,0.48125,0.291671,5698
1,1,0,0,1,0.166667,0.161625,0.419167,0.251258,2311
4,10,6,0,1,0.506667,0.498725,0.483333,0.258083,5217
2,4,1,1,1,0.489167,0.476638,0.3175,0.358196,5585
4,12,0,0,1,0.238333,0.245579,0.58625,0.169779,2431
3,9,2,1,3,0.54,0.5152,0.886957,0.343943,2710
3,8,6,0,2,0.68,0.635556,0.85,0.375617,1115
1,1,0,0,2,0.363478,0.353739,0.696087,0.248539,801
3,7,5,1,1,0.663333,0.624371,0.59125,0.182833,5538
4,12,0,0,2,0.3475,0.359208,0.823333,0.124379,4649
1,1,3,1,1,0.294167,0.294821,0.64375,0.161071,4270
2,6,2,1,1,0.688333,0.654692,0.69,0.148017,6825
1,3,4,1,1,0.485833,0.475371,0.615417,0.226987,4990
3,9,6,0,1,0.66,0.607962,0.75375,0.153608,5345
2,6,0,0,1,0.6025,0.575133,0.493333,0.184087,7641
3,6,1,1,2,0.6825,0.637004,0.658333,0.107588,4708
2,4,0,0,2,0.581667,0.551763,0.810833,0.192175,4191
3,7,2,1,1,0.818333,0.755683,0.505833,0.114429,6786
4,11,6,0,1,0.375833,0.385087,0.681667,0.0684208,3068
3,8,4,1,2,0.684167,0.645854,0.771667,0.210833,3542
2,5,1,1,2,0.5375,0.527142,0.664167,0.230721,6273
3,7,4,1,1,0.77,0.714642,0.600417,0.165429,6591
2,6,5,1,1,0.639167,0.599754,0.589583,0.176617,7665
4,11,5,1,1,0.375,0.380671,0.64375,0.0988958,2792
2,4,6,0,1,0.4725,0.464021,0.503333,0.235075,5312
3,9,5,1,1,0.703333,0.657204,0.73625,0.171646,7504
4,12,1,1,2,0.385833,0.393925,0.827083,0.0622083,3811
4,10,6,0,3,0.254167,0.227913,0.8825,0.351371,627
2,5,3,1,1,0.5425,0.5284,0.632917,0.120642,4182
1,3,3,1,2,0.365217,0.36693,0.776522,0.203117,2192
3,8,5,1,2,0.765833,0.722867,0.6425,0.215792,7175
2,5,2,1,2,0.66,0.604813,0.740833,0.207092,4492
3,7,0,0,2,0.6675,0.623125,0.7625,0.0939208,7410
2,6,1,1,2,0.720833,0.659721,0.587917,0.207713,6664
4,12,5,1,2,0.375,0.359825,0.500417,0.260575,3577
3,6,1,1,1,0.715833,0.654042,0.504167,0.300383,6779
1,1,0,0,1,0.138333,0.116175,0.434167,0.36195,822
3,8,3,1,1,0.723333,0.666671,0.575417,0.143667,4694
1,2,5,1,2,0.280833,0.293558,0.54,0.116929,3831
3,9,0,0,1,0.5075,0.490537,0.695,0.178483,4274
4,12,6,0,2,0.258333,0.249371,0.560833,0.243167,2739
3,8,1,1,1,0.720833,0.662254,0.545417,0.136212,6883
1,12,6,0,1,0.265833,0.236113,0.44125,0.407346,1749
2,6,4,1,1,0.6025,0.569442,0.567083,0.15735,7494
4,10,5,1,1,0.4375,0.433071,0.539167,0.235092,7282
2,5,3,1,2,0.575,0.553025,0.744167,0.216412,4717
2,4,5,1,1,0.4575,0.452637,0.400833,0.347633,6233
2,4,6,0,2,0.315,0.315637,0.65375,0.197146,2252
2,6,0,0,1,0.726667,0.663517,0.538333,0.133721,6598
1,1,2,1,2,0.216667,0.232333,0.861667,0.146775,683
2,6,6,0,1,0.710833,0.648367,0.437083,0.144287,7498
1,1,2,1,1,0.15,0.126275,0.44125,0.365671,2236
3,7,1,1,1,0.741667,0.690017,0.694167,0.138683,6966
3,9,3,1,1,0.599167,0.570075,0.577083,0.131846,7870
4,12,5,1,1,0.290833,0.317542,0.695833,0.0827167,3620
2,6,3,1,2,0.764167,0.720967,0.677083,0.207092,3974
2,5,5,1,1,0.536667,0.529042,0.719583,0.125013,4917
4,11,3,1,1,0.353333,0.364892,0.61375,0.103246,5146
3,8,0,0,2,0.653333,0.595996,0.845833,0.228858,5255
2,5,2,1,2,0.561667,0.538529,0.837917,0.277354,4123
3,6,2,1,1,0.744167,0.692558,0.634167,0.144283,4648
3,7,4,1,2,0.815,0.826371,0.69125,0.222021,3784
2,5,2,1,1,0.775,0.725383,0.636667,0.111329,3982
3,8,0,0,2,0.635833,0.603554,0.711667,0.08645,4549
2,5,0,0,2,0.5625,0.536,0.867083,0.152979,4553
1,1,1,0,1,0.19,0.190663,0.5225,0.231358,2298
3,8,5,1,2,0.7025,0.6471,0.615,0.0721458,7582
1,3,1,1,1,0.243333,0.241171,0.50625,0.228858,3333
2,5,1,1,1,0.5775,0.550512,0.787917,0.126871,3958
4,12,3,1,2,0.2975,0.297338,0.538333,0.162937,5319
4,9,0,0,1,0.529167,0.518933,0.467083,0.223258,7907
1,1,5,1,1,0.16087,0.188413,0.537826,0.126548,1421
1,2,0,0,1,0.316522,0.324113,0.457391,0.260883,1589
3,7,5,1,2,0.709167,0.670483,0.757917,0.225129,4040
3,9,2,1,1,0.650833,0.603554,0.7125,0.141804,4763
4,9,5,1,2,0.619167,0.585863,0.69,0.164179,7415
3,7,1,1,1,0.743333,0.720958,0.757083,0.0908083,3840
4,12,2,1,1,0.475833,0.469054,0.73375,0.174129,6606
1,3,1,1,1,0.325217,0.332,0.496957,0.136926,2046
4,11,0,0,1,0.420833,0.421713,0.659167,0.1275,6852
3,7,5,1,2,0.731667,0.667933,0.485833,0.08085,7499
3,7,5,1,1,0.7225,0.652162,0.39625,0.102608,5362
4,10,5,1,1,0.4275,0.423596,0.574167,0.221396,4304
3,8,3,1,1,0.766667,0.684983,0.424167,0.200258,4780
4,10,0,0,1,0.464167,0.456429,0.51,0.166054,6824
3,6,3,1,1,0.6975,0.640792,0.36,0.271775,7335
4,10,5,1,2,0.563333,0.537896,0.815,0.134954,5424
1,1,3,1,1,0.226957,0.22927,0.436957,0.1869,1600
4,11,4,0,1,0.34,0.350371,0.580417,0.0528708,2425
3,7,4,1,1,0.779167,0.7399,0.583333,0.178479,4390
1,3,4,1,1,0.5275,0.524604,0.5675,0.441563,5382
4,11,5,1,1,0.368333,0.378779,0.56875,0.148021,3910
1,12,1,1,2,0.231304,0.2589,0.791304,0.0772304,920
3,8,4,1,2,0.71,0.664788,0.7575,0.19715,4576
1,2,0,0,2,0.265833,0.264521,0.687917,0.175996,2947
2,5,0,0,2,0.5625,0.546737,0.74,0.149879,6359
3,7,6,0,2,0.703333,0.666042,0.699167,0.143679,6969
3,8,1,1,2,0.7525,0.710246,0.654167,0.129354,7013
4,11,0,0,1,0.325833,0.329538,0.532917,0.179108,5107
3,9,1,1,1,0.644348,0.60213,0.692174,0.088913,4713
2,5,0,0,1,0.528333,0.518933,0.631667,0.0746375,4333
3,9,6,0,2,0.753333,0.702654,0.638333,0.113187,6140
3,8,2,1,1,0.639167,0.594704,0.548333,0.125008,5204
1,1,4,1,2,0.3825,0.381938,0.802917,0.180967,4097
1,1,4,1,2,0.261667,0.25505,0.538333,0.195904,1927
2,4,3,1,2,0.463333,0.457038,0.569167,0.167912,4367
1,2,1,1,1,0.415,0.39835,0.375833,0.417908,1913
3,7,2,1,1,0.780833,0.70265,0.492083,0.126237,6660
2,6,2,1,2,0.653333,0.597875,0.833333,0.214546,4972
1,12,4,1,2,0.254167,0.226642,0.652917,0.350133,2114
4,11,1,1,1,0.503478,0.490122,0.743043,0.142122,3867
3,8,1,1,1,0.765,0.703283,0.592083,0.192175,4326
2,3,2,1,1,0.3025,0.292908,0.314167,0.226996,2425
4,12,5,1,2,0.320833,0.321958,0.764167,0.1306,5008
3,6,6,0,1,0.731667,0.652792,0.534583,0.179721,7458
4,9,5,1,2,0.609167,0.522125,0.9725,0.0783667,2395
4,11,2,1,1,0.400833,0.397088,0.68375,0.135571,4068
4,11,0,0,1,0.245833,0.257583,0.468333,0.1505,2424
4,10,5,1,2,0.330833,0.318812,0.585833,0.229479,3747
2,6,0,0,1,0.6925,0.643325,0.747917,0.163567,4460
2,4,5,1,1,0.51,0.497463,0.457083,0.240063,4595
2,4,0,0,2,0.425833,0.417287,0.67625,0.172267,6041
2,5,3,1,2,0.414167,0.40465,0.737083,0.328996,2633
1,2,1,0,2,0.303333,0.284075,0.605,0.307846,1107
2,6,4,1,2,0.808333,0.757579,0.568333,0.149883,3915
1,3,0,0,1,0.3325,0.32575,0.47375,0.207721,2471
1,1,3,1,2,0.1075,0.119337,0.414583,0.1847,2368
4,10,2,1,1,0.471667,0.463375,0.622917,0.166658,4687
4,9,0,0,1,0.526667,0.517663,0.583333,0.134958,6889
2,3,3,1,2,0.3,0.29735,0.646667,0.172888,1536
2,3,2,1,1,0.323333,0.315654,0.29,0.187192,5102
3,7,1,1,2,0.710833,0.654054,0.683333,0.180975,6569
3,7,2,1,1,0.713333,0.662896,0.704167,0.165425,7216
2,4,0,0,2,0.426667,0.426737,0.8575,0.146767,2895
4,12,2,1,2,0.385833,0.396454,0.595417,0.0615708,3750
3,9,2,1,1,0.725833,0.686888,0.755,0.236321,6864
2,5,4,1,1,0.535,0.523363,0.7475,0.189667,4864
4,11,4,1,2,0.365833,0.369942,0.581667,0.157346,5986
4,10,1,1,1,0.4875,0.482942,0.568333,0.0814833,7058
4,11,5,1,1,0.298333,0.323867,0.649583,0.0584708,5668
3,7,4,1,1,0.715833,0.654683,0.529583,0.146775,7446
4,11,6,0,1,0.356667,0.357942,0.552917,0.212062,4067
1,3,5,1,2,0.410833,0.397083,0.407083,0.4148,4569
1,2,4,1,1,0.144348,0.149548,0.437391,0.221935,1538
1,12,5,1,2,0.253333,0.255046,0.59,0.155471,3095
3,8,5,1,1,0.710833,0.656567,0.630833,0.184696,4866
3,8,1,1,1,0.703333,0.654688,0.730417,0.128733,6917
2,5,5,1,1,0.681667,0.637008,0.65375,0.240679,4679
1,1,6,0,2,0.165,0.162254,0.535833,0.266804,959
1,1,6,0,2,0.233333,0.248112,0.49875,0.157963,1248
1,3,0,0,1,0.361739,0.35967,0.476957,0.222587,4911
4,10,4,1,2,0.6575,0.607975,0.722917,0.117546,7328
2,4,6,0,3,0.430833,0.425492,0.888333,0.340808,795
2,5,3,1,2,0.55,0.527158,0.87,0.201492,3855
3,7,5,1,1,0.781667,0.734217,0.594583,0.152992,6904
4,12,2,1,2,0.353333,0.338363,0.596667,0.296037,5501
2,6,1,1,1,0.5975,0.578283,0.487083,0.284833,6998
4,10,1,1,1,0.534167,0.510725,0.579583,0.175379,4570
2,4,3,1,1,0.390833,0.387608,0.470833,0.263063,2808
4,10,2,1,1,0.544167,0.530304,0.641667,0.0945458,7466
4,9,1,1,2,0.649167,0.589042,0.848333,0.1107,4630
3,6,3,1,1,0.728333,0.654688,0.497917,0.261821,5225
3,9,2,1,1,0.5775,0.554292,0.52,0.0920542,7767
2,4,0,0,1,0.456667,0.445696,0.479583,0.303496,3744
3,6,5,1,1,0.834167,0.786613,0.48875,0.165417,5463
2,4,5,1,1,0.526667,0.515775,0.694583,0.149871,7290
2,6,6,0,1,0.635,0.594696,0.45625,0.123142,5342
1,2,1,0,1,0.28,0.273391,0.507826,0.229083,3129
2,3,1,1,1,0.445833,0.43875,0.477917,0.386821,5558
3,7,6,0,1,0.755833,0.697604,0.613333,0.15735,6685
1,2,5,1,1,0.189091,0.213509,0.506364,0.10855,1746
4,11,5,1,2,0.403333,0.403392,0.6225,0.271779,4046
4,11,4,1,1,0.352174,0.341891,0.333478,0.347835,5315
3,9,6,0,2,0.659167,0.611121,0.799167,0.281104,5976
1,12,6,0,1,0.41,0.414121,0.615833,0.220154,2485
3,9,5,1,2,0.65,0.578946,0.897917,0.124379,3544
4,10,4,1,2,0.55,0.529688,0.800417,0.124375,7359
2,6,0,0,2,0.648333,0.616804,0.6525,0.138692,4906
3,8,0,0,1,0.769167,0.731079,0.6525,0.290421,5464
2,6,6,0,1,0.725,0.678038,0.654583,0.15485,4966
4,10,4,1,1,0.494167,0.480425,0.620833,0.134954,4765
1,3,1,1,1,0.545,0.532821,0.72875,0.162317,6153
3,7,6,0,1,0.733333,0.664158,0.609167,0.167912,5336
3,9,1,0,2,0.673333,0.625646,0.790417,0.212696,3351
4,11,2,1,3,0.416667,0.421696,0.9625,0.118792,1607
2,5,5,1,1,0.6275,0.590917,0.735417,0.162938,6296
2,5,0,0,1,0.69,0.641425,0.697083,0.215171,6591
3,8,2,1,2,0.735833,0.697621,0.70375,0.116908,7273
1,1,1,1,1,0.150833,0.150888,0.482917,0.223267,1321
3,7,1,1,1,0.7625,0.729804,0.635833,0.282337,4086
4,12,4,1,1,0.3125,0.305554,0.524583,0.220158,3727
4,11,1,1,1,0.313333,0.339004,0.535417,0.04665,5087
1,2,1,1,2,0.407273,0.400118,0.876364,0.289686,1446
4,12,5,1,1,0.281667,0.294192,0.642917,0.131229,5611
1,2,4,1,1,0.454167,0.444446,0.554583,0.190913,5062
2,5,3,1,2,0.621667,0.584612,0.774583,0.102,5260
2,4,4,1,1,0.435,0.431163,0.374167,0.219529,6457
4,11,4,1,2,0.321667,0.324492,0.620417,0.152987,5445
1,3,6,0,1,0.329167,0.32575,0.594583,0.220775,2132
2,5,4,1,1,0.655,0.6067,0.716667,0.172896,6770
4,12,4,1,2,0.33,0.335217,0.667917,0.132463,4128
1,1,2,1,2,0.223478,0.234526,0.616957,0.129796,1985
2,5,4,1,1,0.708333,0.654688,0.6775,0.199642,4677
1,12,1,0,1,0.321739,0.315535,0.506957,0.239465,1317
1,1,6,0,2,0.173333,0.174875,0.83125,0.222642,1301
4,12,6,0,2,0.381667,0.389508,0.91125,0.101379,5582
4,10,0,0,1,0.540833,0.523983,0.7275,0.06345,5511
3,6,4,1,1,0.805833,0.752542,0.567917,0.118787,5905
1,1,1,1,1,0.269167,0.262625,0.400833,0.215792,3624
1,1,4,1,1,0.204348,0.233209,0.518261,0.0895652,1606
4,9,6,0,1,0.5425,0.530296,0.542917,0.227604,8555
2,5,4,1,1,0.68,0.631329,0.492917,0.195279,7338
2,4,3,1,1,0.476667,0.470317,0.427917,0.118792,6196
3,7,2,1,1,0.746667,0.696338,0.590417,0.126258,4665
1,2,1,1,1,0.271667,0.303658,0.738333,0.0454083,1712
1,12,2,0,2,0.291304,0.294465,0.734783,0.168726,1013
1,2,0,0,1,0.285217,0.27733,0.407826,0.223235,1812
3,9,3,1,1,0.673333,0.6269,0.697083,0.1673,4785
3,9,3,1,1,0.5525,0.540404,0.536667,0.215175,7591
3,6,0,0,1,0.68,0.637629,0.513333,0.0945333,5305
3,9,3,1,2,0.595,0.550533,0.9,0.0964042,4352
4,11,3,1,2,0.440833,0.430537,0.757917,0.335825,2566
3,7,2,1,1,0.776667,0.747479,0.650417,0.1306,4541
2,4,0,0,1,0.378333,0.378767,0.48,0.182213,3249
1,2,4,1,2,0.295652,0.289191,0.697391,0.250496,1807
2,5,6,0,1,0.6,0.566908,0.45625,0.083975,8294
3,9,4,1,3,0.633913,0.555361,0.939565,0.192748,1842
2,4,3,1,1,0.348696,0.337274,0.469565,0.295274,4862
4,11,4,1,1,0.28087,0.298422,0.555652,0.115522,5323
3,7,1,1,1,0.746667,0.703925,0.65125,0.215804,4458
1,12,4,1,1,0.248333,0.263892,0.574167,0.119412,2423
1,12,5,1,1,0.373333,0.377513,0.68625,0.274246,2209
4,11,4,1,2,0.38,0.373721,0.813333,0.189067,2933
3,7,6,0,1,0.861667,0.804913,0.492083,0.163554,4840
2,6,4,1,2,0.628333,0.595346,0.688333,0.206471,3767
1,12,4,1,2,0.423333,0.426121,0.7575,0.047275,3068
3,7,4,1,1,0.776667,0.739263,0.596667,0.284813,6861
3,8,2,1,1,0.726667,0.676779,0.686667,0.169158,6784
3,8,5,1,1,0.7,0.659733,0.76125,0.0839625,4661
2,3,6,0,2,0.424167,0.421708,0.738333,0.250617,6235
4,10,4,1,1,0.435,0.431167,0.463333,0.181596,7570
3,8,4,1,1,0.7525,0.707088,0.659583,0.129354,7261
2,5,1,0,1,0.7125,0.6793,0.67625,0.196521,6043
1,2,1,1,1,0.366667,0.357954,0.490833,0.268033,4322
2,6,2,1,2,0.540833,0.525892,0.613333,0.209575,7001
2,5,3,1,2,0.656667,0.611129,0.67,0.134329,6855
1,1,0,0,1,0.3375,0.340258,0.465,0.191542,3425
3,8,5,1,1,0.708333,0.654042,0.415,0.125621,4905
3,7,3,1,1,0.793333,0.745583,0.577083,0.137442,5713
1,2,1,1,1,0.2225,0.227913,0.41125,0.167283,3422
1,3,0,0,2,0.376522,0.366252,0.948261,0.343287,605
2,5,5,1,2,0.5125,0.4943,0.863333,0.179725,4105
2,4,2,1,1,0.446667,0.436233,0.435,0.249375,5918
4,11,5,1,1,0.361667,0.355413,0.540833,0.214558,5992
4,10,5,1,2,0.550833,0.529675,0.71625,0.223883,3644
4,10,1,0,2,0.383333,0.387608,0.709583,0.189679,5478
3,8,3,1,1,0.706667,0.654037,0.619583,0.169771,7347
4,10,4,1,2,0.47,0.457046,0.812917,0.197763,2659
3,7,5,1,1,0.848333,0.840896,0.580417,0.1331,3387
2,4,1,1,2,0.321667,0.301125,0.766667,0.303496,3214
2,5,5,1,1,0.479167,0.474117,0.59,0.228246,4608
2,5,2,1,2,0.581667,0.557471,0.685833,0.296029,5728
2,6,1,1,1,0.678333,0.621858,0.6,0.121896,4548
1,2,3,1,1,0.395833,0.392667,0.567917,0.234471,4773
3,9,6,0,1,0.608333,0.585867,0.501667,0.247521,8714
4,11,3,1,1,0.4,0.409079,0.758333,0.0621958,4109
2,6,5,1,1,0.755,0.703292,0.605,0.140554,4586
3,9,4,1,2,0.5775,0.553671,0.709167,0.271146,3659
1,12,2,1,2,0.325,0.327633,0.7625,0.18845,1162
2,4,4,1,2,0.498333,0.483583,0.756667,0.176625,5026
3,8,5,1,2,0.685,0.633221,0.722917,0.139308,4153
1,2,6,0,1,0.346667,0.355425,0.534583,0.190929,4318
4,11,0,0,2,0.463333,0.457058,0.684583,0.18595,3520
2,3,6,0,1,0.265833,0.257571,0.394167,0.209571,2496
4,12,1,1,1,0.238333,0.270196,0.670833,0.06345,3310
1,3,2,1,2,0.317391,0.318178,0.655652,0.184309,2056
3,6,6,0,1,0.765,0.687508,0.60125,0.161071,5687
4,10,6,0,1,0.554167,0.538521,0.664167,0.268025,7965
3,8,3,1,1,0.656667,0.611121,0.597917,0.0833333,5058
2,6,1,1,1,0.635,0.601654,0.494583,0.30535,5020
4,10,1,1,1,0.463333,0.457067,0.772083,0.118792,4187
4,10,3,1,1,0.5875,0.558721,0.63625,0.0727792,7693
2,4,3,1,2,0.62,0.575142,0.835417,0.3122,3872
1,2,2,1,1,0.287826,0.295113,0.594348,0.205717,3777
1,1,2,1,2,0.373043,0.364278,0.716087,0.34913,2935
4,12,2,1,3,0.4625,0.4564,0.949583,0.232583,2594
4,10,3,1,3,0.541739,0.513848,0.895217,0.243339,2424
4,9,6,0,2,0.606667,0.564412,0.8625,0.0783833,5423
1,2,2,1,1,0.359167,0.353525,0.395833,0.193417,4363
4,10,1,1,3,0.44,0.4394,0.88,0.3582,22
1,1,2,1,2,0.169091,0.191464,0.686364,0.122132,1263
3,6,4,1,1,0.749167,0.675512,0.4225,0.17165,6879
1,3,6,0,2,0.414167,0.413492,0.62125,0.161079,4066
2,4,5,1,2,0.336667,0.321954,0.729583,0.219521,1683
3,9,3,1,1,0.736667,0.708983,0.74125,0.187808,7112
2,5,2,1,2,0.613333,0.577021,0.659583,0.156096,5740
4,11,2,1,2,0.53,0.507579,0.68875,0.199633,4195
3,9,4,1,1,0.546667,0.532192,0.618333,0.118167,7720
2,4,6,0,1,0.4375,0.426129,0.254167,0.274871,6857
4,11,1,1,1,0.395,0.400871,0.75875,0.057225,4035
1,1,6,0,1,0.315833,0.326379,0.543333,0.210829,4023
1,3,3,1,1,0.5725,0.548617,0.507083,0.115062,6312
2,3,1,1,1,0.264348,0.257574,0.302174,0.212204,2028
1,1,1,1,2,0.224167,0.247479,0.701667,0.0989,2376
3,7,0,0,1,0.745833,0.705196,0.717917,0.166667,6031
3,8,6,0,2,0.661667,0.618696,0.712917,0.244408,6053
4,10,4,1,2,0.5225,0.512625,0.728333,0.236937,7509
2,4,5,1,1,0.4425,0.431808,0.408333,0.155471,6398
3,7,3,1,1,0.724167,0.654054,0.45,0.1648,8173
2,4,4,1,2,0.6175,0.578929,0.700833,0.320908,4058
2,5,4,1,1,0.505833,0.491783,0.552083,0.314063,6572
3,7,0,0,2,0.716667,0.668575,0.6825,0.228858,4649
4,11,0,0,1,0.348333,0.362358,0.734583,0.0920542,3649
1,2,4,1,2,0.316667,0.330162,0.752917,0.091425,3005
1,3,6,0,2,0.384167,0.378779,0.789167,0.251871,2077
4,12,6,0,1,0.275,0.266412,0.5075,0.233221,3190
3,8,6,0,1,0.793333,0.751267,0.613333,0.257458,6824
1,2,3,1,1,0.469167,0.466538,0.507917,0.189067,4579
1,2,5,1,2,0.211304,0.228587,0.585217,0.127839,1708
2,6,5,1,1,0.649167,0.597862,0.467917,0.175383,7736
2,5,2,1,2,0.611667,0.576404,0.794583,0.147392,5115
1,1,5,1,2,0.2175,0.220958,0.45,0.20275,3163
3,7,5,1,1,0.838333,0.785967,0.5425,0.174138,3846
3,8,1,1,1,0.691667,0.638254,0.47,0.27675,4758
1,3,1,1,1,0.466667,0.459592,0.489167,0.207713,5298
1,2,3,1,1,0.348333,0.351629,0.53125,0.1816,4169
1,1,5,1,2,0.203478,0.223317,0.793043,0.1233,1167
1,1,4,1,2,0.341667,0.35605,0.769583,0.0733958,4075
1,12,3,1,2,0.428333,0.428017,0.858333,0.2214,2660
4,11,1,1,2,0.380833,0.375621,0.623333,0.235067,5499
4,10,0,0,2,0.356667,0.345317,0.791667,0.222013,2918
1,3,0,0,1,0.325833,0.303021,0.403333,0.334571,3423
3,7,3,1,1,0.746667,0.689404,0.631667,0.146133,4342
1,3,3,1,1,0.335,0.320071,0.449583,0.307833,2134
3,8,2,1,1,0.649167,0.601025,0.67375,0.0727708,7006
1,2,0,0,1,0.285833,0.291671,0.568333,0.1418,1623
3,8,2,1,1,0.640833,0.606067,0.455417,0.146763,5895
3,9,2,1,2,0.561667,0.532217,0.88125,0.134954,3641
4,10,0,0,1,0.319167,0.321329,0.62375,0.176617,3331
4,12,2,1,1,0.2825,0.301138,0.59,0.14055,3523
3,9,6,0,2,0.491667,0.478512,0.718333,0.189675,4511
2,4,5,1,2,0.335833,0.324479,0.83625,0.226992,1471
2,3,3,1,2,0.531667,0.513258,0.82125,0.0895583,6230
3,8,0,0,1,0.707059,0.647959,0.561765,0.304659,4334
3,8,0,0,2,0.676667,0.624388,0.8175,0.222633,3820
1,2,3,1,1,0.221739,0.245717,0.423043,0.094113,1917
4,10,6,0,1,0.393333,0.391396,0.494583,0.146142,7109
1,1,6,0,1,0.0591304,0.0790696,0.4,0.17197,981
3,6,5,1,1,0.724167,0.656583,0.573333,0.222025,4991
2,3,4,1,2,0.285,0.270833,0.805833,0.243787,1865
4,12,1,1,2,0.393333,0.4015,0.907083,0.0982583,4585
1,1,4,1,1,0.165,0.150883,0.470417,0.301,1406
1,12,0,0,1,0.245833,0.259471,0.515417,0.133083,1787
1,1,6,0,2,0.344167,0.363625,0.805833,0.160446,985
4,11,6,0,1,0.325,0.326383,0.545417,0.179729,5629
2,3,6,0,2,0.5025,0.486733,0.885417,0.192783,3372
4,12,1,1,2,0.435833,0.435575,0.925,0.190308,5170
4,11,5,1,1,0.274167,0.272721,0.41,0.168533,3392
3,8,2,1,1,0.728333,0.66605,0.62,0.190925,7040
2,6,5,1,1,0.62,0.587133,0.354167,0.253121,5312
3,7,6,0,3,0.595833,0.549912,0.865417,0.2133,4459
2,4,2,1,1,0.413333,0.405283,0.454167,0.249383,5633
4,11,1,1,3,0.4475,0.445062,0.91,0.138054,2765
2,5,4,1,2,0.530833,0.510742,0.829583,0.108213,4575
4,10,3,1,1,0.455833,0.450108,0.692917,0.101371,7461
3,9,2,1,2,0.623333,0.565067,0.8725,0.357587,4073
4,12,0,0,2,0.3625,0.369938,0.83875,0.100742,3786
2,5,6,0,1,0.655833,0.612379,0.729583,0.230092,4758
1,2,2,1,2,0.192174,0.23453,0.829565,0.053213,1360
1,1,5,1,2,0.196522,0.208839,0.498696,0.168726,1510
3,9,4,1,1,0.655,0.614921,0.639167,0.141796,5115
4,9,2,1,2,0.636667,0.574525,0.885417,0.118171,4120
3,8,4,1,1,0.695833,0.637008,0.635833,0.0845958,7765
3,9,4,1,2,0.628333,0.554963,0.902083,0.128125,4795
1,12,0,0,1,0.274783,0.279961,0.681304,0.155091,754
3,7,0,0,1,0.719167,0.669833,0.604167,0.245033,5302
2,5,1,1,2,0.549167,0.532833,0.73,0.183454,4401
4,10,6,0,1,0.521667,0.513242,0.70125,0.0454042,5409
1,2,2,1,1,0.220833,0.198246,0.537917,0.36195,1530
4,10,3,1,1,0.514167,0.503142,0.630833,0.187821,7691
3,8,1,1,1,0.771667,0.703292,0.550833,0.156717,4266
4,10,0,0,2,0.4775,0.467771,0.694583,0.398008,4459
2,6,4,1,1,0.715,0.643942,0.305,0.292287,4968
3,8,1,1,2,0.635833,0.595967,0.734167,0.129979,6530
3,7,2,1,1,0.794167,0.739275,0.559167,0.200254,4258
4,11,2,1,2,0.458333,0.451375,0.830833,0.258092,2914
3,7,4,1,1,0.8275,0.761367,0.457917,0.194029,6241
1,3,4,1,1,0.198333,0.200133,0.318333,0.225754,1685
3,8,6,0,2,0.716667,0.676154,0.755,0.22825,4294
1,3,2,1,1,0.258333,0.255042,0.456667,0.200875,3956
2,4,4,1,1,0.3975,0.387604,0.46625,0.290429,5409
4,10,6,0,1,0.4225,0.425492,0.629167,0.0926667,4308
3,8,3,1,1,0.6675,0.621854,0.677083,0.0702833,7375
4,12,3,1,1,0.438333,0.428012,0.485,0.324021,5729
3,7,1,1,1,0.781667,0.702038,0.447083,0.195267,6227
1,1,0,0,2,0.1625,0.16225,0.79625,0.199638,1977
4,10,2,1,2,0.318182,0.309909,0.825455,0.213009,1096
1,3,5,1,2,0.435833,0.436229,0.842083,0.113192,4378
3,8,2,1,1,0.775,0.724121,0.570417,0.151121,4602
2,4,0,0,1,0.5,0.492425,0.275833,0.232596,5169
4,11,5,1,1,0.345,0.347204,0.524583,0.171025,5698
1,2,2,1,1,0.354167,0.361104,0.49625,0.147379,4375
2,4,1,1,1,0.5125,0.503146,0.5425,0.163567,3429
1,2,3,1,2,0.134783,0.144283,0.494783,0.188839,1605
2,4,3,1,1,0.541667,0.53345,0.469583,0.180975,6436
3,7,3,0,1,0.789167,0.732337,0.53875,0.13495,7403
3,9,6,0,1,0.669167,0.633213,0.716667,0.185325,4484
4,11,3,1,2,0.295833,0.274621,0.5475,0.304108,5035
4,12,6,0,1,0.299167,0.310604,0.612917,0.0957833,3614
2,3,0,0,2,0.4375,0.437488,0.880833,0.220775,4996
2,4,3,1,1,0.595,0.564392,0.614167,0.241925,3944
4,10,2,1,1,0.484167,0.472858,0.71,0.205854,4456
1,1,1,1,2,0.180833,0.18625,0.60375,0.187192,1501
1,3,3,1,1,0.404167,0.3851,0.513333,0.345779,4916
2,5,4,1,1,0.593333,0.572613,0.52,0.229475,7384
1,2,3,1,2,0.26,0.254417,0.775417,0.264308,1526
4,11,2,1,2,0.291667,0.281558,0.786667,0.237562,3959
3,7,5,1,1,0.828333,0.752533,0.450833,0.146142,6207
1,1,0,0,1,0.231667,0.234217,0.48375,0.188433,1204
3,7,4,1,1,0.680833,0.635104,0.47625,0.240667,5084
1,2,0,0,2,0.28,0.265788,0.515833,0.253112,2689
1,1,5,1,1,0.334167,0.340267,0.542083,0.167908,4098
2,4,6,0,1,0.495,0.487996,0.502917,0.190917,7460
4,10,0,0,1,0.521667,0.508204,0.640417,0.278612,6639
3,7,3,1,1,0.716667,0.650271,0.633333,0.151733,7264
3,7,3,1,1,0.72,0.685633,0.743333,0.149883,4629
4,12,3,1,1,0.3325,0.342162,0.625417,0.184092,5267
3,8,2,1,1,0.783333,0.707071,0.49125,0.20585,4845
1,3,4,1,3,0.389091,0.385668,0,0.261877,623
2,3,4,1,1,0.554167,0.531567,0.83125,0.117562,6871
1,1,3,1,2,0.274167,0.282821,0.8475,0.131221,2177
4,12,4,1,2,0.4225,0.412237,0.634167,0.268042,3709
4,10,2,1,2,0.446667,0.438112,0.761667,0.1903,6392
4,9,4,1,2,0.65,0.607975,0.690833,0.134342,7393
4,9,3,1,1,0.635,0.596613,0.630833,0.2444,7733
3,8,2,1,1,0.700833,0.645837,0.578333,0.236329,4725
2,5,1,0,1,0.733333,0.671092,0.685,0.131225,4098
2,5,6,0,1,0.564167,0.544817,0.480417,0.123133,7429
3,8,3,1,2,0.75,0.707717,0.672917,0.1107,7534
2,4,4,1,1,0.498333,0.493046,0.6125,0.0659292,6565
4,12,4,1,1,0.255833,0.258204,0.50875,0.174754,5375
4,11,6,0,1,0.278333,0.248742,0.404583,0.376871,2277
4,11,4,1,1,0.408333,0.405921,0.702083,0.136817,3974
3,6,0,0,1,0.743333,0.674254,0.479167,0.145525,6891
2,5,6,0,2,0.520833,0.500629,0.9225,0.13495,3409
2,5,4,1,1,0.459167,0.441917,0.444167,0.295392,4433
3,7,0,0,1,0.83,0.794829,0.550833,0.169171,3606
2,4,1,0,1,0.664167,0.614925,0.561667,0.284829,6370
2,6,5,1,2,0.654167,0.607962,0.755417,0.237563,4127
3,8,0,0,1,0.7425,0.715292,0.752917,0.201487,3785
2,3,3,1,2,0.346957,0.337939,0.839565,0.234261,2121
2,5,5,1,1,0.564167,0.551121,0.523333,0.136817,7639
3,8,6,0,2,0.6925,0.638267,0.732917,0.206479,6299
1,2,0,0,1,0.279167,0.268308,0.41,0.205229,3389
1,2,6,0,1,0.2225,0.232954,0.544167,0.203367,1472
2,4,2,1,2,0.5025,0.493054,0.739167,0.274879,2034
4,11,2,1,2,0.343333,0.323225,0.662917,0.342046,4094
3,7,5,1,2,0.665833,0.613025,0.844167,0.208967,5870
2,5,4,1,2,0.56,0.537242,0.768333,0.133696,6421
3,9,1,1,1,0.583333,0.565654,0.50375,0.258713,7525
3,9,5,1,2,0.643333,0.604808,0.727083,0.139929,4727
1,3,6,0,1,0.2875,0.277767,0.350417,0.22575,4118
1,12,5,1,1,0.311667,0.318812,0.636667,0.134337,2999
4,10,3,1,1,0.538333,0.527138,0.647917,0.17725,4826
4,10,5,1,1,0.615,0.580187,0.6275,0.10635,8156
1,12,6,0,2,0.253333,0.2424,0.752917,0.124383,1341
3,8,5,1,1,0.764167,0.6894,0.5875,0.168533,7350
4,12,0,0,1,0.220833,0.253154,0.49,0.0665417,2743
4,11,5,0,1,0.324167,0.306817,0.44625,0.314675,3368
1,3,0,0,1,0.384348,0.380091,0.527391,0.270604,2417
2,5,6,0,1,0.6025,0.571975,0.626667,0.12065,5805
3,7,2,1,2,0.720833,0.664796,0.6675,0.151737,6290
1,1,1,0,2,0.175833,0.176771,0.5375,0.194017,1000
1,2,4,1,1,0.186957,0.177878,0.437826,0.277752,1550
2,6,5,1,1,0.649167,0.600383,0.735833,0.143029,4844
4,11,1,1,1,0.53,0.524612,0.587083,0.306596,4486
2,5,0,0,1,0.620833,0.583967,0.530417,0.254367,7129
4,11,0,0,1,0.3425,0.337746,0.692917,0.227612,4669
3,9,1,0,1,0.7075,0.661629,0.790833,0.151121,6034
3,7,3,1,1,0.768333,0.74685,0.707083,0.113817,4332
4,12,0,0,2,0.384167,0.390146,0.905417,0.157975,3228
3,7,1,1,1,0.730833,0.684987,0.66875,0.153617,7105
1,1,3,1,1,0.172727,0.160473,0.599545,0.304627,1162
3,7,4,1,1,0.75,0.686871,0.65125,0.1592,4592
1,2,6,0,1,0.2825,0.282192,0.537917,0.186571,1969
4,10,3,1,2,0.6575,0.599133,0.79375,0.0665458,7572
4,11,3,1,1,0.3775,0.390133,0.71875,0.0820917,4186
3,6,2,1,1,0.630833,0.594704,0.373333,0.347642,7442
2,4,2,1,1,0.608333,0.598487,0.390417,0.273629,6691
1,3,0,0,2,0.4725,0.464,0.81,0.126883,5892
3,6,4,1,1,0.696667,0.637008,0.434167,0.185312,5515
4,11,6,0,2,0.343333,0.323846,0.49125,0.270529,5138
1,1,0,0,1,0.2825,0.272721,0.31125,0.24005,3243
4,12,1,1,1,0.276667,0.280933,0.6375,0.172896,3403
1,2,3,1,2,0.256667,0.266421,0.722917,0.133721,2802
2,3,1,1,2,0.430435,0.409735,0.737391,0.288783,2077
2,6,1,1,2,0.635,0.595346,0.74625,0.155475,4010
1,1,3,1,1,0.303333,0.275254,0.443333,0.415429,3376
1,1,6,0,1,0.18,0.183087,0.4575,0.187183,2493
1,3,4,1,1,0.5575,0.532825,0.579583,0.149883,6192
4,11,4,1,2,0.341667,0.323221,0.575833,0.305362,3053
4,10,5,1,2,0.545833,0.52275,0.807083,0.132467,7444
3,7,0,0,1,0.7475,0.690025,0.578333,0.183471,4881
1,2,1,1,1,0.282609,0.296426,0.622174,0.1538,3784
2,5,1,1,2,0.598333,0.565667,0.81125,0.233204,4359
4,11,6,0,1,0.389167,0.393937,0.645417,0.0578458,6536
3,9,0,0,1,0.58,0.563125,0.57,0.0901833,7333
4,10,1,1,2,0.561667,0.53915,0.7075,0.296037,5875
2,4,1,1,2,0.464167,0.457696,0.57,0.171638,5572
4,11,0,0,1,0.459167,0.4558,0.698333,0.208954,3071
1,3,6,0,1,0.4725,0.466525,0.379167,0.368167,3117
2,4,2,1,1,0.631667,0.594083,0.729167,0.3265,4400
4,12,3,1,2,0.3175,0.338362,0.66375,0.0609583,3740
3,7,0,0,1,0.8225,0.790396,0.57375,0.125629,4672
1,2,3,1,2,0.344348,0.34847,0.804783,0.179117,1834
2,4,6,0,2,0.3425,0.341529,0.8775,0.133083,2455
4,12,5,1,1,0.314167,0.331433,0.625833,0.100754,3940
3,9,0,0,1,0.709167,0.665429,0.742083,0.206467,4940
2,5,2,1,2,0.616667,0.582079,0.697083,0.342667,4451
3,9,0,0,1,0.653333,0.609229,0.71375,0.115054,5046
4,11,2,1,2,0.374167,0.380667,0.685,0.082725,5634
2,4,6,0,1,0.57,0.542921,0.682917,0.283587,6624
2,4,3,1,2,0.4125,0.417283,0.819167,0.250617,2162
1,12,1,1,2,0.215833,0.223487,0.5775,0.154846,2729
3,9,0,0,2,0.696667,0.649,0.815,0.0640708,5810
4,10,3,1,2,0.484167,0.472846,0.720417,0.148642,3894
3,7,1,1,1,0.763333,0.724125,0.645,0.164187,6830
2,5,3,1,1,0.564167,0.537896,0.797083,0.138058,6169
3,6,3,1,1,0.733333,0.693829,0.7075,0.172262,4507
4,10,0,0,2,0.415833,0.419813,0.708333,0.141162,3510
3,7,3,1,1,0.775,0.690667,0.402917,0.183463,4656
1,1,0,0,1,0.0965217,0.0988391,0.436522,0.2466,986
1,2,6,0,2,0.233333,0.243058,0.929167,0.161079,1005
3,6,4,1,2,0.728333,0.693833,0.703333,0.238804,4790
2,6,2,1,1,0.7075,0.65595,0.597917,0.187808,4833
3,9,5,1,1,0.599167,0.571971,0.66875,0.154229,8167
4,10,6,0,1,0.484167,0.472842,0.572917,0.117537,8090
2,5,1,1,2,0.573333,0.5499,0.789583,0.212692,2843
3,8,4,1,1,0.711667,0.662258,0.654583,0.233208,3805
4,11,0,0,1,0.440833,0.43055,0.458333,0.281721,3717
1,2,0,0,1,0.1275,0.101658,0.464583,0.409212,1529
4,10,2,1,2,0.566667,0.546096,0.80875,0.143042,4563
2,4,1,1,1,0.573333,0.542929,0.42625,0.385571,3115
2,5,5,1,1,0.533333,0.520833,0.360417,0.236937,7030
2,4,0,0,1,0.458333,0.450121,0.587083,0.116908,6304
1,3,3,1,2,0.295833,0.286608,0.775417,0.22015,1891
2,4,5,1,2,0.3,0.283454,0.68625,0.258708,2227
2,5,0,0,1,0.6125,0.585238,0.57625,0.225117,6118
4,12,2,1,1,0.410833,0.409708,0.66625,0.221404,5557
2,3,5,1,1,0.264167,0.256312,0.495,0.230725,2210
2,5,6,0,1,0.6925,0.642696,0.7325,0.198992,6536
1,12,3,1,3,0.243333,0.220333,0.823333,0.316546,441
2,6,6,0,1,0.631667,0.594708,0.504167,0.166667,7702
3,8,6,0,1,0.678333,0.618071,0.603333,0.177867,7865
2,6,3,1,1,0.554167,0.542292,0.61125,0.077125,7055
4,12,6,0,1,0.324167,0.338383,0.650417,0.10635,5047
4,10,0,0,1,0.511667,0.503154,0.486667,0.281717,5041
3,6,6,0,1,0.695,0.643313,0.483333,0.209571,5202
4,11,1,0,1,0.485,0.475383,0.741667,0.173517,6269
2,6,3,1,1,0.7825,0.720975,0.592083,0.113812,6211
1,1,4,1,1,0.19,0.190038,0.4975,0.220158,3292
1,1,2,1,1,0.39,0.381317,0.416667,0.261817,4509
1,3,2,1,1,0.2925,0.3024,0.420833,0.12065,2133
3,8,0,0,1,0.700833,0.644579,0.530417,0.122512,6544
